Date,Facebook Ad Campaign,Facebook Ad Views,Facebook Ad Clicks,Facebook Ad Conversions,Cost per Facebook Ad,Facebook Click-Through Rate (Clicks / View),Facebook Conversion Rate (Conversions / Clicks),Facebook Cost per Click (Ad Cost / Clicks),AdWords Ad Campaign,AdWords Ad Views,AdWords Ad Clicks,AdWords Ad Conversions,Cost per AdWords Ad,AdWords Click-Through Rate (Clicks / View),AdWords Conversion Rate (Conversions / Click),AdWords Cost per Click (Ad Cost / Clicks)
1/1/2025,FB_Jan25,2343,49,13,$214,2.09%,26.53%,$4.36,AW_Jan25,4506,54,5,$108,1.2%,9.26%,$2.0
1/2/2025,FB_Jan25,2331,42,10,$93,1.8%,23.81%,$2.22,AW_Jan25,4766,63,6,$201,1.32%,9.52%,$3.19
1/3/2025,FB_Jan25,2314,51,13,$140,2.2%,25.49%,$2.74,AW_Jan25,4740,60,3,$148,1.27%,5.0%,$2.47
1/4/2025,FB_Jan25,3254,62,13,$300,1.91%,20.97%,$4.83,AW_Jan25,4530,61,7,$154,1.35%,11.48%,$2.53
1/5/2025,FB_Jan25,2254,41,12,$103,1.82%,29.27%,$2.51,AW_Jan25,3799,49,5,$104,1.29%,10.2%,$2.12
1/6/2025,FB_Jan25,2584,41,11,$131,1.59%,26.83%,$3.2,AW_Jan25,4764,60,7,$159,1.26%,11.67%,$2.65
1/7/2025,FB_Jan25,2950,62,15,$312,2.1%,24.19%,$5.03,AW_Jan25,5353,67,3,$144,1.25%,4.48%,$2.15
1/8/2025,FB_Jan25,2710,53,14,$135,1.96%,26.42%,$2.54,AW_Jan25,5760,81,9,$128,1.41%,11.11%,$1.58
1/9/2025,FB_Jan25,2416,38,12,$87,1.57%,31.58%,$2.29,AW_Jan25,5758,74,6,$151,1.29%,8.11%,$2.04
1/10/2025,FB_Jan25,2427,50,14,$185,2.06%,28.0%,$3.7,AW_Jan25,5760,89,8,$135,1.55%,8.99%,$1.51
1/11/2025,FB_Jan25,2352,38,8,$116,1.62%,21.05%,$3.06,AW_Jan25,4497,49,4,$169,1.09%,8.16%,$3.46
1/12/2025,FB_Jan25,2165,38,8,$151,1.76%,21.05%,$3.97,AW_Jan25,5760,72,7,$247,1.25%,9.72%,$3.43
1/13/2025,FB_Jan25,2728,46,11,$221,1.69%,23.91%,$4.81,AW_Jan25,5428,63,4,$144,1.16%,6.35%,$2.29
1/14/2025,FB_Jan25,1293,21,6,$52,1.62%,28.57%,$2.48,AW_Jan25,5760,89,6,$263,1.55%,6.74%,$2.96
1/15/2025,FB_Jan25,1182,23,7,$93,1.95%,30.43%,$4.03,AW_Jan25,4166,48,7,$105,1.15%,14.58%,$2.19
1/16/2025,FB_Jan25,2338,37,9,$139,1.58%,24.32%,$3.77,AW_Jan25,4378,48,5,$136,1.1%,10.42%,$2.84
1/17/2025,FB_Jan25,1687,31,9,$78,1.84%,29.03%,$2.5,AW_Jan25,3714,51,5,$159,1.37%,9.8%,$3.11
1/18/2025,FB_Jan25,2087,47,11,$197,2.25%,23.4%,$4.18,AW_Jan25,3714,31,5,$105,0.83%,16.13%,$3.39
1/19/2025,FB_Jan25,1996,33,8,$98,1.65%,24.24%,$2.96,AW_Jan25,4221,52,6,$120,1.23%,11.54%,$2.3
1/20/2025,FB_Jan25,1058,27,6,$100,2.55%,22.22%,$3.71,AW_Jan25,3714,49,5,$150,1.32%,10.2%,$3.07
1/21/2025,FB_Jan25,3320,61,14,$140,1.84%,22.95%,$2.29,AW_Jan25,4708,62,6,$126,1.32%,9.68%,$2.03
1/22/2025,FB_Jan25,2020,41,9,$148,2.03%,21.95%,$3.61,AW_Jan25,5358,65,8,$226,1.21%,12.31%,$3.48
1/23/2025,FB_Jan25,2951,44,10,$135,1.49%,22.73%,$3.07,AW_Jan25,5760,87,7,$135,1.51%,8.05%,$1.55
1/24/2025,FB_Jan25,1492,26,8,$127,1.74%,30.77%,$4.88,AW_Jan25,5760,74,6,$200,1.28%,8.11%,$2.71
1/25/2025,FB_Jan25,2151,37,9,$81,1.72%,24.32%,$2.2,AW_Jan25,3897,52,6,$147,1.33%,11.54%,$2.82
1/26/2025,FB_Jan25,2144,45,15,$156,2.1%,33.33%,$3.47,AW_Jan25,4099,47,6,$135,1.15%,12.77%,$2.88
1/27/2025,FB_Jan25,1572,30,9,$108,1.91%,30.0%,$3.6,AW_Jan25,5503,67,7,$117,1.22%,10.45%,$1.74
1/28/2025,FB_Jan25,2943,48,12,$218,1.63%,25.0%,$4.54,AW_Jan25,3714,41,5,$138,1.1%,12.2%,$3.38
1/29/2025,FB_Jan25,2313,36,8,$144,1.56%,22.22%,$4.01,AW_Jan25,5760,86,6,$160,1.49%,6.98%,$1.86
1/30/2025,FB_Jan25,1873,40,11,$173,2.14%,27.5%,$4.34,AW_Jan25,5760,77,8,$211,1.34%,10.39%,$2.75
1/31/2025,FB_Jan25,1940,36,9,$170,1.86%,25.0%,$4.72,AW_Jan25,4103,53,4,$103,1.29%,7.55%,$1.95
2/1/2025,FB_Feb25,3320,66,16,$331,1.99%,24.24%,$5.02,AW_Feb25,3714,35,5,$74,0.94%,14.29%,$2.11
2/2/2025,FB_Feb25,2727,43,14,$133,1.58%,32.56%,$3.1,AW_Feb25,5760,79,6,$205,1.37%,7.59%,$2.59
2/3/2025,FB_Feb25,1683,31,8,$120,1.84%,25.81%,$3.88,AW_Feb25,4628,58,5,$135,1.25%,8.62%,$2.33
2/4/2025,FB_Feb25,2645,53,15,$262,2.0%,28.3%,$4.94,AW_Feb25,5760,78,7,$142,1.35%,8.97%,$1.82
2/5/2025,FB_Feb25,1532,29,7,$158,1.89%,24.14%,$5.46,AW_Feb25,3714,37,5,$68,1.0%,13.51%,$1.84
2/6/2025,FB_Feb25,2659,46,12,$235,1.73%,26.09%,$5.11,AW_Feb25,3849,51,6,$119,1.33%,11.76%,$2.34
2/7/2025,FB_Feb25,1050,20,8,$66,1.9%,40.0%,$3.3,AW_Feb25,4488,60,7,$181,1.34%,11.67%,$3.01
2/8/2025,FB_Feb25,1775,28,7,$75,1.58%,25.0%,$2.68,AW_Feb25,4485,61,6,$201,1.36%,9.84%,$3.3
2/9/2025,FB_Feb25,2309,46,14,$171,1.99%,30.43%,$3.71,AW_Feb25,4586,53,5,$88,1.16%,9.43%,$1.67
2/10/2025,FB_Feb25,3153,52,14,$239,1.65%,26.92%,$4.6,AW_Feb25,5317,69,7,$158,1.3%,10.14%,$2.29
2/11/2025,FB_Feb25,2398,46,11,$171,1.92%,23.91%,$3.72,AW_Feb25,3714,45,6,$77,1.21%,13.33%,$1.7
2/12/2025,FB_Feb25,2411,42,11,$155,1.74%,26.19%,$3.69,AW_Feb25,5414,58,4,$89,1.07%,6.9%,$1.53
2/13/2025,FB_Feb25,2166,40,11,$197,1.85%,27.5%,$4.93,AW_Feb25,4972,62,6,$175,1.25%,9.68%,$2.82
2/14/2025,FB_Feb25,1496,26,8,$85,1.74%,30.77%,$3.26,AW_Feb25,5084,67,7,$181,1.32%,10.45%,$2.7
2/15/2025,FB_Feb25,1625,35,7,$175,2.15%,20.0%,$5.01,AW_Feb25,5753,70,6,$128,1.22%,8.57%,$1.83
2/16/2025,FB_Feb25,2072,38,9,$130,1.83%,23.68%,$3.42,AW_Feb25,3826,44,6,$87,1.15%,13.64%,$1.97
2/17/2025,FB_Feb25,3095,56,14,$176,1.81%,25.0%,$3.15,AW_Feb25,3714,38,4,$59,1.02%,10.53%,$1.55
2/18/2025,FB_Feb25,2668,48,12,$172,1.8%,25.0%,$3.59,AW_Feb25,5760,78,7,$247,1.35%,8.97%,$3.17
2/19/2025,FB_Feb25,1129,22,7,$103,1.95%,31.82%,$4.67,AW_Feb25,5556,65,6,$224,1.17%,9.23%,$3.45
2/20/2025,FB_Feb25,2714,47,12,$115,1.73%,25.53%,$2.44,AW_Feb25,3828,49,5,$87,1.28%,10.2%,$1.77
2/21/2025,FB_Feb25,2495,39,8,$105,1.56%,20.51%,$2.69,AW_Feb25,5760,82,5,$161,1.42%,6.1%,$1.96
2/22/2025,FB_Feb25,1748,35,10,$187,2.0%,28.57%,$5.33,AW_Feb25,5074,62,4,$201,1.22%,6.45%,$3.24
2/23/2025,FB_Feb25,3016,51,13,$133,1.69%,25.49%,$2.61,AW_Feb25,5437,77,8,$258,1.42%,10.39%,$3.35
2/24/2025,FB_Feb25,2860,56,14,$223,1.96%,25.0%,$3.99,AW_Feb25,4785,61,5,$143,1.27%,8.2%,$2.34
2/25/2025,FB_Feb25,2298,55,15,$222,2.39%,27.27%,$4.03,AW_Feb25,5760,89,6,$143,1.55%,6.74%,$1.6
2/26/2025,FB_Feb25,1641,33,10,$123,2.01%,30.3%,$3.71,AW_Feb25,5760,85,4,$134,1.48%,4.71%,$1.58
2/27/2025,FB_Feb25,2049,40,11,$170,1.95%,27.5%,$4.26,AW_Feb25,4005,56,5,$148,1.4%,8.93%,$2.65
2/28/2025,FB_Feb25,2895,47,12,$132,1.62%,25.53%,$2.8,AW_Feb25,5760,74,5,$169,1.28%,6.76%,$2.29
3/1/2025,FB_Mar25,3320,55,12,$216,1.66%,21.82%,$3.93,AW_Mar25,5760,69,8,$107,1.2%,11.59%,$1.56
3/2/2025,FB_Mar25,2411,38,10,$125,1.58%,26.32%,$3.3,AW_Mar25,5760,80,8,$213,1.39%,10.0%,$2.67
3/3/2025,FB_Mar25,2209,41,11,$177,1.86%,26.83%,$4.32,AW_Mar25,4093,46,4,$70,1.12%,8.7%,$1.52
3/4/2025,FB_Mar25,1678,30,8,$75,1.79%,26.67%,$2.49,AW_Mar25,5417,70,8,$215,1.29%,11.43%,$3.07
3/5/2025,FB_Mar25,1384,29,6,$116,2.1%,20.69%,$4.0,AW_Mar25,5760,75,7,$158,1.3%,9.33%,$2.11
3/6/2025,FB_Mar25,2597,53,12,$140,2.04%,22.64%,$2.65,AW_Mar25,3714,35,4,$55,0.94%,11.43%,$1.58
3/7/2025,FB_Mar25,3155,60,16,$179,1.9%,26.67%,$2.98,AW_Mar25,4017,43,3,$115,1.07%,6.98%,$2.68
3/8/2025,FB_Mar25,1912,43,11,$119,2.25%,25.58%,$2.77,AW_Mar25,3714,31,7,$71,0.83%,22.58%,$2.3
3/9/2025,FB_Mar25,2466,56,15,$148,2.27%,26.79%,$2.64,AW_Mar25,4835,56,4,$193,1.16%,7.14%,$3.45
3/10/2025,FB_Mar25,2605,48,12,$235,1.84%,25.0%,$4.89,AW_Mar25,5760,70,4,$181,1.22%,5.71%,$2.59
3/11/2025,FB_Mar25,2138,36,9,$108,1.68%,25.0%,$3.0,AW_Mar25,5760,82,8,$168,1.42%,9.76%,$2.05
3/12/2025,FB_Mar25,3230,48,13,$252,1.49%,27.08%,$5.24,AW_Mar25,4898,61,8,$178,1.25%,13.11%,$2.92
3/13/2025,FB_Mar25,3320,62,15,$334,1.87%,24.19%,$5.39,AW_Mar25,5760,83,8,$170,1.44%,9.64%,$2.04
3/14/2025,FB_Mar25,2523,43,11,$172,1.7%,25.58%,$4.0,AW_Mar25,3714,40,5,$132,1.08%,12.5%,$3.31
3/15/2025,FB_Mar25,3185,62,15,$155,1.95%,24.19%,$2.5,AW_Mar25,3714,35,5,$79,0.94%,14.29%,$2.25
3/16/2025,FB_Mar25,1113,15,5,$50,1.35%,33.33%,$3.31,AW_Mar25,4927,59,6,$153,1.2%,10.17%,$2.6
3/17/2025,FB_Mar25,3268,53,13,$254,1.62%,24.53%,$4.79,AW_Mar25,5760,65,7,$104,1.13%,10.77%,$1.6
3/18/2025,FB_Mar25,2224,45,12,$148,2.02%,26.67%,$3.29,AW_Mar25,4510,59,6,$139,1.31%,10.17%,$2.35
3/19/2025,FB_Mar25,1954,40,10,$92,2.05%,25.0%,$2.3,AW_Mar25,3714,31,4,$98,0.83%,12.9%,$3.16
3/20/2025,FB_Mar25,2776,45,13,$178,1.62%,28.89%,$3.95,AW_Mar25,5451,59,5,$184,1.08%,8.47%,$3.11
3/21/2025,FB_Mar25,1229,20,5,$99,1.63%,25.0%,$4.96,AW_Mar25,3789,41,4,$80,1.08%,9.76%,$1.95
3/22/2025,FB_Mar25,2347,41,10,$196,1.75%,24.39%,$4.79,AW_Mar25,5760,70,6,$137,1.22%,8.57%,$1.95
3/23/2025,FB_Mar25,2747,48,12,$125,1.75%,25.0%,$2.61,AW_Mar25,5140,65,4,$204,1.26%,6.15%,$3.13
3/24/2025,FB_Mar25,2870,61,17,$266,2.13%,27.87%,$4.35,AW_Mar25,4165,46,5,$155,1.1%,10.87%,$3.36
3/25/2025,FB_Mar25,1873,37,10,$103,1.98%,27.03%,$2.77,AW_Mar25,5090,53,4,$90,1.04%,7.55%,$1.69
3/26/2025,FB_Mar25,1617,34,10,$94,2.1%,29.41%,$2.76,AW_Mar25,3714,45,4,$108,1.21%,8.89%,$2.4
3/27/2025,FB_Mar25,1634,37,8,$187,2.26%,21.62%,$5.06,AW_Mar25,4595,59,6,$128,1.28%,10.17%,$2.17
3/28/2025,FB_Mar25,2653,54,14,$155,2.04%,25.93%,$2.87,AW_Mar25,5760,74,8,$240,1.28%,10.81%,$3.24
3/29/2025,FB_Mar25,2813,47,13,$137,1.67%,27.66%,$2.92,AW_Mar25,3714,46,6,$77,1.24%,13.04%,$1.67
3/30/2025,FB_Mar25,1686,37,10,$74,2.19%,27.03%,$2.0,AW_Mar25,5695,67,4,$129,1.18%,5.97%,$1.92
3/31/2025,FB_Mar25,2791,50,14,$252,1.79%,28.0%,$5.05,AW_Mar25,4555,52,4,$156,1.14%,7.69%,$3.0
4/1/2025,FB_Apr25,2354,45,11,$215,1.91%,24.44%,$4.77,AW_Apr25,3714,48,6,$77,1.29%,12.5%,$1.6
4/2/2025,FB_Apr25,3320,55,15,$231,1.66%,27.27%,$4.2,AW_Apr25,4806,58,4,$144,1.21%,6.9%,$2.49
4/3/2025,FB_Apr25,1828,35,12,$162,1.91%,34.29%,$4.63,AW_Apr25,4068,45,5,$107,1.11%,11.11%,$2.38
4/4/2025,FB_Apr25,2228,40,10,$101,1.8%,25.0%,$2.53,AW_Apr25,4311,52,6,$113,1.21%,11.54%,$2.17
4/5/2025,FB_Apr25,2624,39,10,$141,1.49%,25.64%,$3.6,AW_Apr25,3714,43,4,$98,1.16%,9.3%,$2.29
4/6/2025,FB_Apr25,1603,26,9,$84,1.62%,34.62%,$3.23,AW_Apr25,5760,88,7,$225,1.53%,7.95%,$2.56
4/7/2025,FB_Apr25,2160,47,14,$109,2.18%,29.79%,$2.33,AW_Apr25,4600,60,4,$109,1.3%,6.67%,$1.82
4/8/2025,FB_Apr25,2725,47,11,$174,1.72%,23.4%,$3.7,AW_Apr25,4602,50,4,$132,1.09%,8.0%,$2.64
4/9/2025,FB_Apr25,2336,44,11,$230,1.88%,25.0%,$5.22,AW_Apr25,5230,63,6,$196,1.2%,9.52%,$3.11
4/10/2025,FB_Apr25,2379,41,10,$88,1.72%,24.39%,$2.14,AW_Apr25,4960,58,4,$175,1.17%,6.9%,$3.02
4/11/2025,FB_Apr25,1404,27,6,$82,1.92%,22.22%,$3.02,AW_Apr25,4311,57,6,$103,1.32%,10.53%,$1.81
4/12/2025,FB_Apr25,1830,38,9,$104,2.08%,23.68%,$2.73,AW_Apr25,5467,69,6,$124,1.26%,8.7%,$1.8
4/13/2025,FB_Apr25,2145,39,9,$111,1.82%,23.08%,$2.83,AW_Apr25,5760,71,7,$145,1.23%,9.86%,$2.04
4/14/2025,FB_Apr25,1828,34,8,$176,1.86%,23.53%,$5.18,AW_Apr25,4601,52,5,$116,1.13%,9.62%,$2.22
4/15/2025,FB_Apr25,2063,42,11,$153,2.04%,26.19%,$3.64,AW_Apr25,3970,52,7,$120,1.31%,13.46%,$2.32
4/16/2025,FB_Apr25,2937,48,12,$174,1.63%,25.0%,$3.63,AW_Apr25,4828,56,5,$160,1.16%,8.93%,$2.86
4/17/2025,FB_Apr25,3320,66,18,$308,1.99%,27.27%,$4.66,AW_Apr25,3714,31,4,$50,0.83%,12.9%,$1.61
4/18/2025,FB_Apr25,2264,46,10,$117,2.03%,21.74%,$2.54,AW_Apr25,3714,38,5,$60,1.02%,13.16%,$1.57
4/19/2025,FB_Apr25,2554,47,13,$174,1.84%,27.66%,$3.71,AW_Apr25,5760,80,7,$183,1.39%,8.75%,$2.28
4/20/2025,FB_Apr25,2184,43,11,$151,1.97%,25.58%,$3.5,AW_Apr25,5760,84,7,$243,1.46%,8.33%,$2.89
4/21/2025,FB_Apr25,1275,20,6,$82,1.57%,30.0%,$4.09,AW_Apr25,4225,56,5,$106,1.33%,8.93%,$1.89
4/22/2025,FB_Apr25,2363,43,12,$236,1.82%,27.91%,$5.5,AW_Apr25,5298,68,5,$189,1.28%,7.35%,$2.78
4/23/2025,FB_Apr25,2705,44,10,$206,1.63%,22.73%,$4.69,AW_Apr25,5692,64,5,$129,1.12%,7.81%,$2.02
4/24/2025,FB_Apr25,3177,73,18,$248,2.3%,24.66%,$3.39,AW_Apr25,5760,89,5,$291,1.55%,5.62%,$3.27
4/25/2025,FB_Apr25,1891,41,11,$201,2.17%,26.83%,$4.9,AW_Apr25,5546,76,8,$250,1.37%,10.53%,$3.29
4/26/2025,FB_Apr25,2329,47,12,$122,2.02%,25.53%,$2.6,AW_Apr25,4865,58,4,$121,1.19%,6.9%,$2.09
4/27/2025,FB_Apr25,2003,43,11,$91,2.15%,25.58%,$2.11,AW_Apr25,3740,46,4,$90,1.23%,8.7%,$1.96
4/28/2025,FB_Apr25,1624,29,11,$79,1.79%,37.93%,$2.72,AW_Apr25,3714,37,4,$86,1.0%,10.81%,$2.32
4/29/2025,FB_Apr25,3320,57,13,$182,1.72%,22.81%,$3.19,AW_Apr25,5256,63,7,$125,1.2%,11.11%,$1.98
4/30/2025,FB_Apr25,2513,53,13,$201,2.11%,24.53%,$3.79,AW_Apr25,4452,49,5,$139,1.1%,10.2%,$2.84
5/1/2025,FB_May25,2719,53,12,$220,1.95%,22.64%,$4.15,AW_May25,3714,39,6,$123,1.05%,15.38%,$3.15
5/2/2025,FB_May25,1902,33,8,$171,1.74%,24.24%,$5.19,AW_May25,4667,51,4,$145,1.09%,7.84%,$2.85
5/3/2025,FB_May25,2976,60,14,$227,2.02%,23.33%,$3.78,AW_May25,3714,44,5,$139,1.18%,11.36%,$3.15
5/4/2025,FB_May25,1826,27,9,$101,1.48%,33.33%,$3.75,AW_May25,5760,84,6,$193,1.46%,7.14%,$2.29
5/5/2025,FB_May25,2495,51,14,$111,2.04%,27.45%,$2.18,AW_May25,5426,73,9,$132,1.35%,12.33%,$1.81
5/6/2025,FB_May25,3320,70,16,$149,2.11%,22.86%,$2.12,AW_May25,5130,60,4,$179,1.17%,6.67%,$2.98
5/7/2025,FB_May25,1496,32,8,$126,2.14%,25.0%,$3.93,AW_May25,5760,81,7,$180,1.41%,8.64%,$2.22
5/8/2025,FB_May25,1611,37,10,$131,2.3%,27.03%,$3.53,AW_May25,4928,61,6,$173,1.24%,9.84%,$2.84
5/9/2025,FB_May25,2816,45,11,$222,1.6%,24.44%,$4.94,AW_May25,3714,47,5,$96,1.27%,10.64%,$2.04
5/10/2025,FB_May25,1735,37,10,$95,2.13%,27.03%,$2.56,AW_May25,5760,82,6,$136,1.42%,7.32%,$1.66
5/11/2025,FB_May25,1455,25,7,$52,1.72%,28.0%,$2.09,AW_May25,5760,68,6,$237,1.18%,8.82%,$3.49
5/12/2025,FB_May25,2362,44,9,$157,1.86%,20.45%,$3.57,AW_May25,3714,45,5,$82,1.21%,11.11%,$1.81
5/13/2025,FB_May25,1545,31,10,$88,2.01%,32.26%,$2.83,AW_May25,4761,57,5,$198,1.2%,8.77%,$3.48
5/14/2025,FB_May25,3005,49,14,$107,1.63%,28.57%,$2.17,AW_May25,3714,47,6,$162,1.27%,12.77%,$3.45
5/15/2025,FB_May25,1313,32,8,$145,2.44%,25.0%,$4.54,AW_May25,3714,40,7,$124,1.08%,17.5%,$3.09
5/16/2025,FB_May25,3320,62,15,$148,1.87%,24.19%,$2.39,AW_May25,5246,73,6,$206,1.39%,8.22%,$2.82
5/17/2025,FB_May25,2205,34,9,$140,1.54%,26.47%,$4.13,AW_May25,5760,87,5,$231,1.51%,5.75%,$2.66
5/18/2025,FB_May25,2271,40,11,$119,1.76%,27.5%,$2.98,AW_May25,3714,40,4,$129,1.08%,10.0%,$3.23
5/19/2025,FB_May25,3320,53,14,$138,1.6%,26.42%,$2.61,AW_May25,5217,68,9,$141,1.3%,13.24%,$2.08
5/20/2025,FB_May25,1480,29,10,$97,1.96%,34.48%,$3.33,AW_May25,4545,51,4,$124,1.12%,7.84%,$2.44
5/21/2025,FB_May25,2271,46,11,$221,2.03%,23.91%,$4.81,AW_May25,4499,53,7,$145,1.18%,13.21%,$2.74
5/22/2025,FB_May25,2718,59,14,$199,2.17%,23.73%,$3.37,AW_May25,4026,51,7,$118,1.27%,13.73%,$2.32
5/23/2025,FB_May25,1563,24,5,$111,1.54%,20.83%,$4.63,AW_May25,3939,47,4,$111,1.19%,8.51%,$2.35
5/24/2025,FB_May25,2738,46,11,$112,1.68%,23.91%,$2.44,AW_May25,4845,61,6,$132,1.26%,9.84%,$2.16
5/25/2025,FB_May25,2339,47,12,$221,2.01%,25.53%,$4.7,AW_May25,4346,48,7,$126,1.1%,14.58%,$2.63
5/26/2025,FB_May25,2895,53,15,$150,1.83%,28.3%,$2.83,AW_May25,5050,64,5,$205,1.27%,7.81%,$3.2
5/27/2025,FB_May25,1632,29,7,$127,1.78%,24.14%,$4.37,AW_May25,4616,59,5,$112,1.28%,8.47%,$1.9
5/28/2025,FB_May25,1661,28,8,$111,1.69%,28.57%,$3.98,AW_May25,5047,56,5,$189,1.11%,8.93%,$3.37
5/29/2025,FB_May25,2642,50,12,$263,1.89%,24.0%,$5.25,AW_May25,4127,47,4,$135,1.14%,8.51%,$2.88
5/30/2025,FB_May25,3116,47,13,$158,1.51%,27.66%,$3.36,AW_May25,4663,52,4,$164,1.12%,7.69%,$3.15
5/31/2025,FB_May25,2545,47,15,$105,1.85%,31.91%,$2.23,AW_May25,5603,71,5,$185,1.27%,7.04%,$2.61
6/1/2025,FB_Jun25,2368,48,11,$99,2.03%,22.92%,$2.07,AW_Jun25,5760,67,6,$205,1.16%,8.96%,$3.06
6/2/2025,FB_Jun25,1553,35,9,$171,2.25%,25.71%,$4.89,AW_Jun25,3714,46,4,$70,1.24%,8.7%,$1.53
6/3/2025,FB_Jun25,2092,46,13,$176,2.2%,28.26%,$3.84,AW_Jun25,5191,61,6,$191,1.18%,9.84%,$3.14
6/4/2025,FB_Jun25,2297,47,13,$222,2.05%,27.66%,$4.71,AW_Jun25,5455,71,4,$112,1.3%,5.63%,$1.58
6/5/2025,FB_Jun25,1825,35,11,$99,1.92%,31.43%,$2.82,AW_Jun25,3714,36,5,$118,0.97%,13.89%,$3.28
6/6/2025,FB_Jun25,3320,66,17,$212,1.99%,25.76%,$3.21,AW_Jun25,5336,68,7,$237,1.27%,10.29%,$3.48
6/7/2025,FB_Jun25,2527,49,12,$103,1.94%,24.49%,$2.11,AW_Jun25,4037,50,3,$104,1.24%,6.0%,$2.09
6/8/2025,FB_Jun25,1646,29,9,$156,1.76%,31.03%,$5.37,AW_Jun25,5760,68,6,$131,1.18%,8.82%,$1.92
6/9/2025,FB_Jun25,2246,51,14,$221,2.27%,27.45%,$4.34,AW_Jun25,3779,49,6,$149,1.3%,12.24%,$3.03
6/10/2025,FB_Jun25,2009,32,10,$169,1.59%,31.25%,$5.27,AW_Jun25,3714,34,3,$68,0.92%,8.82%,$2.01
6/11/2025,FB_Jun25,3319,53,14,$155,1.6%,26.42%,$2.93,AW_Jun25,3714,36,6,$116,0.97%,16.67%,$3.23
6/12/2025,FB_Jun25,2586,57,15,$236,2.2%,26.32%,$4.14,AW_Jun25,5418,61,6,$104,1.13%,9.84%,$1.71
6/13/2025,FB_Jun25,2131,34,10,$149,1.6%,29.41%,$4.37,AW_Jun25,5010,64,5,$112,1.28%,7.81%,$1.75
6/14/2025,FB_Jun25,3193,55,15,$171,1.72%,27.27%,$3.11,AW_Jun25,3809,47,5,$163,1.23%,10.64%,$3.46
6/15/2025,FB_Jun25,2311,48,13,$238,2.08%,27.08%,$4.97,AW_Jun25,5760,69,7,$196,1.2%,10.14%,$2.85
6/16/2025,FB_Jun25,2761,53,13,$282,1.92%,24.53%,$5.32,AW_Jun25,3714,36,4,$115,0.97%,11.11%,$3.19
6/17/2025,FB_Jun25,3320,66,16,$336,1.99%,24.24%,$5.1,AW_Jun25,4812,59,6,$127,1.23%,10.17%,$2.15
6/18/2025,FB_Jun25,1972,41,12,$188,2.08%,29.27%,$4.59,AW_Jun25,3714,42,4,$120,1.13%,9.52%,$2.85
6/19/2025,FB_Jun25,2146,34,8,$101,1.58%,23.53%,$2.97,AW_Jun25,4495,51,5,$137,1.13%,9.8%,$2.69
6/20/2025,FB_Jun25,1928,33,9,$99,1.71%,27.27%,$2.99,AW_Jun25,5172,61,4,$165,1.18%,6.56%,$2.71
6/21/2025,FB_Jun25,2039,34,9,$183,1.67%,26.47%,$5.37,AW_Jun25,3792,48,5,$138,1.27%,10.42%,$2.87
6/22/2025,FB_Jun25,2344,43,11,$88,1.83%,25.58%,$2.04,AW_Jun25,4518,54,4,$143,1.2%,7.41%,$2.65
6/23/2025,FB_Jun25,2692,48,14,$216,1.78%,29.17%,$4.51,AW_Jun25,5760,74,5,$175,1.28%,6.76%,$2.36
6/24/2025,FB_Jun25,2655,47,12,$210,1.77%,25.53%,$4.47,AW_Jun25,4105,52,6,$107,1.27%,11.54%,$2.05
6/25/2025,FB_Jun25,2926,53,13,$222,1.81%,24.53%,$4.18,AW_Jun25,5760,72,7,$219,1.25%,9.72%,$3.04
6/26/2025,FB_Jun25,1948,44,10,$240,2.26%,22.73%,$5.47,AW_Jun25,3714,44,5,$86,1.18%,11.36%,$1.95
6/27/2025,FB_Jun25,3320,61,16,$189,1.84%,26.23%,$3.09,AW_Jun25,4712,68,5,$196,1.44%,7.35%,$2.88
6/28/2025,FB_Jun25,2432,40,11,$128,1.64%,27.5%,$3.19,AW_Jun25,5760,81,6,$159,1.41%,7.41%,$1.97
6/29/2025,FB_Jun25,3320,73,19,$166,2.2%,26.03%,$2.28,AW_Jun25,3714,31,5,$85,0.83%,16.13%,$2.75
6/30/2025,FB_Jun25,2291,51,12,$181,2.23%,23.53%,$3.55,AW_Jun25,3741,48,5,$144,1.28%,10.42%,$2.99
7/1/2025,FB_Jul25,2077,33,9,$96,1.59%,27.27%,$2.91,AW_Jul25,5436,68,8,$132,1.25%,11.76%,$1.94
7/2/2025,FB_Jul25,1590,31,9,$99,1.95%,29.03%,$3.2,AW_Jul25,4139,57,6,$92,1.38%,10.53%,$1.62
7/3/2025,FB_Jul25,2518,49,14,$241,1.95%,28.57%,$4.92,AW_Jul25,5760,65,6,$115,1.13%,9.23%,$1.76
7/4/2025,FB_Jul25,1830,41,10,$216,2.24%,24.39%,$5.27,AW_Jul25,3714,51,5,$138,1.37%,9.8%,$2.71
7/5/2025,FB_Jul25,2539,52,13,$138,2.05%,25.0%,$2.65,AW_Jul25,4870,61,6,$195,1.25%,9.84%,$3.2
7/6/2025,FB_Jul25,2965,49,13,$162,1.65%,26.53%,$3.3,AW_Jul25,4713,58,5,$92,1.23%,8.62%,$1.59
7/7/2025,FB_Jul25,2294,43,11,$226,1.87%,25.58%,$5.25,AW_Jul25,5760,77,7,$229,1.34%,9.09%,$2.97
7/8/2025,FB_Jul25,1679,33,8,$73,1.97%,24.24%,$2.22,AW_Jul25,4391,64,7,$140,1.46%,10.94%,$2.18
7/9/2025,FB_Jul25,1396,25,7,$58,1.79%,28.0%,$2.32,AW_Jul25,5542,65,5,$160,1.17%,7.69%,$2.46
7/10/2025,FB_Jul25,2660,38,11,$98,1.43%,28.95%,$2.57,AW_Jul25,4953,54,4,$181,1.09%,7.41%,$3.36
7/11/2025,FB_Jul25,3273,54,12,$220,1.65%,22.22%,$4.08,AW_Jul25,4172,53,3,$115,1.27%,5.66%,$2.16
7/12/2025,FB_Jul25,2379,46,12,$116,1.93%,26.09%,$2.53,AW_Jul25,4726,54,6,$131,1.14%,11.11%,$2.43
7/13/2025,FB_Jul25,1588,29,7,$156,1.83%,24.14%,$5.39,AW_Jul25,5559,66,5,$101,1.19%,7.58%,$1.53
7/14/2025,FB_Jul25,2987,46,13,$164,1.54%,28.26%,$3.56,AW_Jul25,4838,54,3,$90,1.12%,5.56%,$1.66
7/15/2025,FB_Jul25,3010,48,10,$180,1.59%,20.83%,$3.76,AW_Jul25,5169,64,6,$129,1.24%,9.38%,$2.02
7/16/2025,FB_Jul25,1654,33,8,$94,2.0%,24.24%,$2.86,AW_Jul25,5760,89,9,$138,1.55%,10.11%,$1.56
7/17/2025,FB_Jul25,2038,45,12,$164,2.21%,26.67%,$3.65,AW_Jul25,5654,72,6,$199,1.27%,8.33%,$2.76
7/18/2025,FB_Jul25,2354,44,13,$190,1.87%,29.55%,$4.32,AW_Jul25,4877,55,6,$129,1.13%,10.91%,$2.35
7/19/2025,FB_Jul25,2045,30,8,$139,1.47%,26.67%,$4.63,AW_Jul25,5760,77,6,$200,1.34%,7.79%,$2.6
7/20/2025,FB_Jul25,2870,48,11,$223,1.67%,22.92%,$4.64,AW_Jul25,4317,54,5,$100,1.25%,9.26%,$1.85
7/21/2025,FB_Jul25,2717,50,15,$201,1.84%,30.0%,$4.02,AW_Jul25,3714,31,5,$65,0.83%,16.13%,$2.09
7/22/2025,FB_Jul25,2753,56,12,$289,2.03%,21.43%,$5.17,AW_Jul25,4007,45,4,$127,1.12%,8.89%,$2.83
7/23/2025,FB_Jul25,3151,56,11,$272,1.78%,19.64%,$4.86,AW_Jul25,3714,33,4,$113,0.89%,12.12%,$3.43
7/24/2025,FB_Jul25,1819,27,8,$126,1.48%,29.63%,$4.65,AW_Jul25,5163,55,6,$88,1.07%,10.91%,$1.6
7/25/2025,FB_Jul25,1833,32,8,$70,1.75%,25.0%,$2.19,AW_Jul25,5138,60,5,$197,1.17%,8.33%,$3.28
7/26/2025,FB_Jul25,2934,50,11,$101,1.7%,22.0%,$2.02,AW_Jul25,5760,84,8,$223,1.46%,9.52%,$2.65
7/27/2025,FB_Jul25,3089,50,13,$137,1.62%,26.0%,$2.74,AW_Jul25,5437,65,6,$171,1.2%,9.23%,$2.63
7/28/2025,FB_Jul25,2518,50,13,$216,1.99%,26.0%,$4.32,AW_Jul25,4928,57,5,$143,1.16%,8.77%,$2.5
7/29/2025,FB_Jul25,3320,73,17,$251,2.2%,23.29%,$3.44,AW_Jul25,5222,72,7,$118,1.38%,9.72%,$1.64
7/30/2025,FB_Jul25,2397,50,11,$170,2.09%,22.0%,$3.41,AW_Jul25,3714,31,3,$52,0.83%,9.68%,$1.68
7/31/2025,FB_Jul25,3315,57,15,$290,1.72%,26.32%,$5.1,AW_Jul25,5643,63,6,$170,1.12%,9.52%,$2.7
8/1/2025,FB_Aug25,2981,55,14,$282,1.85%,25.45%,$5.13,AW_Aug25,5413,71,6,$155,1.31%,8.45%,$2.18
8/2/2025,FB_Aug25,2972,51,13,$264,1.72%,25.49%,$5.18,AW_Aug25,3714,39,6,$130,1.05%,15.38%,$3.33
8/3/2025,FB_Aug25,2489,40,13,$124,1.61%,32.5%,$3.1,AW_Aug25,5760,76,7,$176,1.32%,9.21%,$2.31
8/4/2025,FB_Aug25,2811,53,12,$234,1.89%,22.64%,$4.42,AW_Aug25,5708,65,6,$116,1.14%,9.23%,$1.79
8/5/2025,FB_Aug25,2224,34,7,$100,1.53%,20.59%,$2.95,AW_Aug25,4015,54,6,$158,1.34%,11.11%,$2.93
8/6/2025,FB_Aug25,2217,41,10,$109,1.85%,24.39%,$2.67,AW_Aug25,5522,69,7,$144,1.25%,10.14%,$2.09
8/7/2025,FB_Aug25,1909,38,10,$101,1.99%,26.32%,$2.65,AW_Aug25,5760,89,8,$227,1.55%,8.99%,$2.55
8/8/2025,FB_Aug25,2690,44,11,$141,1.64%,25.0%,$3.2,AW_Aug25,4741,63,6,$182,1.33%,9.52%,$2.9
8/9/2025,FB_Aug25,3320,71,17,$249,2.14%,23.94%,$3.5,AW_Aug25,5297,63,4,$208,1.19%,6.35%,$3.3
8/10/2025,FB_Aug25,1218,21,7,$103,1.72%,33.33%,$4.91,AW_Aug25,4486,53,4,$163,1.18%,7.55%,$3.08
8/11/2025,FB_Aug25,3094,52,11,$126,1.68%,21.15%,$2.42,AW_Aug25,3714,48,5,$137,1.29%,10.42%,$2.85
8/12/2025,FB_Aug25,1616,24,9,$110,1.49%,37.5%,$4.57,AW_Aug25,5760,72,5,$206,1.25%,6.94%,$2.86
8/13/2025,FB_Aug25,1848,38,10,$147,2.06%,26.32%,$3.86,AW_Aug25,3797,48,5,$163,1.26%,10.42%,$3.39
8/14/2025,FB_Aug25,3320,57,15,$171,1.72%,26.32%,$3.01,AW_Aug25,4817,61,6,$128,1.27%,9.84%,$2.09
8/15/2025,FB_Aug25,1919,44,12,$164,2.29%,27.27%,$3.72,AW_Aug25,4969,53,6,$80,1.07%,11.32%,$1.5
8/16/2025,FB_Aug25,1401,31,9,$95,2.21%,29.03%,$3.05,AW_Aug25,5727,67,6,$137,1.17%,8.96%,$2.04
8/17/2025,FB_Aug25,1709,35,10,$143,2.05%,28.57%,$4.09,AW_Aug25,5759,65,6,$126,1.13%,9.23%,$1.94
8/18/2025,FB_Aug25,3154,52,13,$183,1.65%,25.0%,$3.52,AW_Aug25,5760,75,6,$212,1.3%,8.0%,$2.82
8/19/2025,FB_Aug25,2068,35,10,$90,1.69%,28.57%,$2.58,AW_Aug25,4489,53,3,$147,1.18%,5.66%,$2.77
8/20/2025,FB_Aug25,2166,46,13,$111,2.12%,28.26%,$2.41,AW_Aug25,4972,56,4,$150,1.13%,7.14%,$2.69
8/21/2025,FB_Aug25,2350,44,11,$172,1.87%,25.0%,$3.91,AW_Aug25,4157,46,5,$70,1.11%,10.87%,$1.53
8/22/2025,FB_Aug25,2143,36,10,$186,1.68%,27.78%,$5.16,AW_Aug25,4533,54,4,$160,1.19%,7.41%,$2.96
8/23/2025,FB_Aug25,3028,69,17,$221,2.28%,24.64%,$3.2,AW_Aug25,5760,65,6,$140,1.13%,9.23%,$2.15
8/24/2025,FB_Aug25,3118,51,14,$233,1.64%,27.45%,$4.57,AW_Aug25,5429,71,8,$201,1.31%,11.27%,$2.83
8/25/2025,FB_Aug25,1410,19,5,$82,1.35%,26.32%,$4.31,AW_Aug25,4296,47,6,$123,1.09%,12.77%,$2.61
8/26/2025,FB_Aug25,2505,46,14,$242,1.84%,30.43%,$5.26,AW_Aug25,5184,72,6,$157,1.39%,8.33%,$2.19
8/27/2025,FB_Aug25,2318,36,9,$175,1.55%,25.0%,$4.87,AW_Aug25,5760,79,8,$140,1.37%,10.13%,$1.77
8/28/2025,FB_Aug25,2819,54,12,$215,1.92%,22.22%,$3.98,AW_Aug25,5222,66,6,$111,1.26%,9.09%,$1.69
8/29/2025,FB_Aug25,2213,34,9,$146,1.54%,26.47%,$4.3,AW_Aug25,5760,87,6,$275,1.51%,6.9%,$3.16
8/30/2025,FB_Aug25,2370,42,10,$216,1.77%,23.81%,$5.14,AW_Aug25,4493,49,4,$164,1.09%,8.16%,$3.34
8/31/2025,FB_Aug25,2734,50,14,$170,1.83%,28.0%,$3.4,AW_Aug25,3714,42,4,$118,1.13%,9.52%,$2.8
9/1/2025,FB_Sep25,2462,54,13,$170,2.19%,24.07%,$3.14,AW_Sep25,3714,34,4,$58,0.92%,11.76%,$1.71
9/2/2025,FB_Sep25,1958,29,7,$59,1.48%,24.14%,$2.04,AW_Sep25,5760,81,7,$187,1.41%,8.64%,$2.3
9/3/2025,FB_Sep25,2030,39,8,$191,1.92%,20.51%,$4.89,AW_Sep25,5760,69,6,$204,1.2%,8.7%,$2.96
9/4/2025,FB_Sep25,1827,38,9,$183,2.08%,23.68%,$4.8,AW_Sep25,4914,59,5,$181,1.2%,8.47%,$3.06
9/5/2025,FB_Sep25,1719,36,7,$85,2.09%,19.44%,$2.37,AW_Sep25,4942,64,6,$111,1.3%,9.38%,$1.74
9/6/2025,FB_Sep25,3320,65,14,$261,1.96%,21.54%,$4.02,AW_Sep25,3714,44,6,$66,1.18%,13.64%,$1.5
9/7/2025,FB_Sep25,2689,48,13,$174,1.79%,27.08%,$3.62,AW_Sep25,5760,89,8,$260,1.55%,8.99%,$2.92
9/8/2025,FB_Sep25,1568,28,9,$68,1.79%,32.14%,$2.42,AW_Sep25,5259,62,4,$137,1.18%,6.45%,$2.21
9/9/2025,FB_Sep25,3320,55,14,$299,1.66%,25.45%,$5.43,AW_Sep25,4682,61,3,$123,1.3%,4.92%,$2.01
9/10/2025,FB_Sep25,3077,69,16,$190,2.24%,23.19%,$2.75,AW_Sep25,4690,70,7,$107,1.49%,10.0%,$1.53
9/11/2025,FB_Sep25,3261,56,14,$125,1.72%,25.0%,$2.24,AW_Sep25,5760,67,4,$173,1.16%,5.97%,$2.58
9/12/2025,FB_Sep25,1128,25,7,$102,2.22%,28.0%,$4.08,AW_Sep25,4274,63,5,$202,1.47%,7.94%,$3.2
9/13/2025,FB_Sep25,2492,38,8,$174,1.52%,21.05%,$4.59,AW_Sep25,4288,49,4,$167,1.14%,8.16%,$3.42
9/14/2025,FB_Sep25,3320,59,16,$125,1.78%,27.12%,$2.11,AW_Sep25,5760,67,4,$176,1.16%,5.97%,$2.63
9/15/2025,FB_Sep25,2012,35,10,$151,1.74%,28.57%,$4.31,AW_Sep25,5760,87,7,$220,1.51%,8.05%,$2.53
9/16/2025,FB_Sep25,2856,49,12,$189,1.72%,24.49%,$3.86,AW_Sep25,5760,79,7,$132,1.37%,8.86%,$1.67
9/17/2025,FB_Sep25,2753,53,13,$125,1.93%,24.53%,$2.36,AW_Sep25,5760,83,6,$216,1.44%,7.23%,$2.6
9/18/2025,FB_Sep25,2000,32,9,$83,1.6%,28.12%,$2.6,AW_Sep25,4820,53,3,$120,1.1%,5.66%,$2.26
9/19/2025,FB_Sep25,2497,43,9,$171,1.72%,20.93%,$3.99,AW_Sep25,3942,46,4,$125,1.17%,8.7%,$2.71
9/20/2025,FB_Sep25,1050,15,5,$46,1.43%,33.33%,$3.04,AW_Sep25,5339,58,6,$132,1.09%,10.34%,$2.28
9/21/2025,FB_Sep25,1680,31,8,$164,1.85%,25.81%,$5.28,AW_Sep25,4498,61,4,$121,1.36%,6.56%,$1.98
9/22/2025,FB_Sep25,2084,40,9,$195,1.92%,22.5%,$4.87,AW_Sep25,5760,76,7,$128,1.32%,9.21%,$1.69
9/23/2025,FB_Sep25,1918,29,8,$158,1.51%,27.59%,$5.44,AW_Sep25,3714,36,4,$77,0.97%,11.11%,$2.13
9/24/2025,FB_Sep25,3226,63,18,$183,1.95%,28.57%,$2.91,AW_Sep25,5760,82,7,$139,1.42%,8.54%,$1.69
9/25/2025,FB_Sep25,1386,26,8,$140,1.88%,30.77%,$5.39,AW_Sep25,4225,58,6,$108,1.37%,10.34%,$1.85
9/26/2025,FB_Sep25,2284,38,9,$133,1.66%,23.68%,$3.51,AW_Sep25,4737,54,4,$188,1.14%,7.41%,$3.47
9/27/2025,FB_Sep25,2880,45,12,$145,1.56%,26.67%,$3.22,AW_Sep25,3816,45,6,$107,1.18%,13.33%,$2.39
9/28/2025,FB_Sep25,2647,61,17,$133,2.3%,27.87%,$2.18,AW_Sep25,3714,36,4,$92,0.97%,11.11%,$2.56
9/29/2025,FB_Sep25,1371,26,8,$57,1.9%,30.77%,$2.18,AW_Sep25,5319,72,6,$234,1.35%,8.33%,$3.25
9/30/2025,FB_Sep25,2567,57,14,$252,2.22%,24.56%,$4.42,AW_Sep25,5635,61,5,$213,1.08%,8.2%,$3.49
10/1/2025,FB_Oct25,2355,44,10,$159,1.87%,22.73%,$3.6,AW_Oct25,3714,41,4,$109,1.1%,9.76%,$2.67
10/2/2025,FB_Oct25,1584,32,9,$89,2.02%,28.12%,$2.79,AW_Oct25,3714,41,4,$128,1.1%,9.76%,$3.12
10/3/2025,FB_Oct25,2891,49,13,$203,1.69%,26.53%,$4.15,AW_Oct25,4387,55,5,$118,1.25%,9.09%,$2.15
10/4/2025,FB_Oct25,2672,46,13,$133,1.72%,28.26%,$2.89,AW_Oct25,5760,84,9,$177,1.46%,10.71%,$2.11
10/5/2025,FB_Oct25,1992,36,10,$145,1.81%,27.78%,$4.02,AW_Oct25,4851,56,4,$129,1.15%,7.14%,$2.31
10/6/2025,FB_Oct25,2207,44,12,$143,1.99%,27.27%,$3.26,AW_Oct25,3714,38,3,$108,1.02%,7.89%,$2.85
10/7/2025,FB_Oct25,2417,39,9,$190,1.61%,23.08%,$4.88,AW_Oct25,4622,56,7,$160,1.21%,12.5%,$2.86
10/8/2025,FB_Oct25,2519,45,13,$219,1.79%,28.89%,$4.87,AW_Oct25,4893,56,5,$119,1.14%,8.93%,$2.13
10/9/2025,FB_Oct25,3135,51,13,$187,1.63%,25.49%,$3.67,AW_Oct25,3714,31,3,$55,0.83%,9.68%,$1.77
10/10/2025,FB_Oct25,3320,63,18,$203,1.9%,28.57%,$3.23,AW_Oct25,5374,59,7,$163,1.1%,11.86%,$2.76
10/11/2025,FB_Oct25,1545,29,7,$95,1.88%,24.14%,$3.27,AW_Oct25,5159,57,5,$100,1.1%,8.77%,$1.76
10/12/2025,FB_Oct25,3320,69,19,$333,2.08%,27.54%,$4.82,AW_Oct25,4970,70,8,$186,1.41%,11.43%,$2.66
10/13/2025,FB_Oct25,1052,20,6,$63,1.9%,30.0%,$3.15,AW_Oct25,5760,87,8,$251,1.51%,9.2%,$2.89
10/14/2025,FB_Oct25,2529,42,10,$115,1.66%,23.81%,$2.73,AW_Oct25,5653,76,6,$220,1.34%,7.89%,$2.9
10/15/2025,FB_Oct25,2262,51,12,$117,2.25%,23.53%,$2.3,AW_Oct25,4531,56,8,$168,1.24%,14.29%,$3.01
10/16/2025,FB_Oct25,2347,47,11,$171,2.0%,23.4%,$3.63,AW_Oct25,3742,44,4,$143,1.18%,9.09%,$3.25
10/17/2025,FB_Oct25,2189,36,10,$133,1.64%,27.78%,$3.69,AW_Oct25,5760,89,8,$222,1.55%,8.99%,$2.5
10/18/2025,FB_Oct25,2010,41,11,$203,2.04%,26.83%,$4.94,AW_Oct25,4585,61,6,$181,1.33%,9.84%,$2.96
10/19/2025,FB_Oct25,2450,38,9,$105,1.55%,23.68%,$2.77,AW_Oct25,5100,60,7,$164,1.18%,11.67%,$2.74
10/20/2025,FB_Oct25,1818,36,9,$120,1.98%,25.0%,$3.33,AW_Oct25,4385,60,7,$112,1.37%,11.67%,$1.87
10/21/2025,FB_Oct25,3129,54,16,$261,1.73%,29.63%,$4.83,AW_Oct25,5512,63,6,$98,1.14%,9.52%,$1.55
10/22/2025,FB_Oct25,2779,48,14,$234,1.73%,29.17%,$4.88,AW_Oct25,4772,58,5,$120,1.22%,8.62%,$2.07
10/23/2025,FB_Oct25,2157,35,10,$117,1.62%,28.57%,$3.35,AW_Oct25,3762,52,6,$124,1.38%,11.54%,$2.39
10/24/2025,FB_Oct25,2846,54,13,$195,1.9%,24.07%,$3.61,AW_Oct25,4613,52,4,$142,1.13%,7.69%,$2.73
10/25/2025,FB_Oct25,2147,47,12,$144,2.19%,25.53%,$3.06,AW_Oct25,4865,59,8,$189,1.21%,13.56%,$3.2
10/26/2025,FB_Oct25,2407,53,14,$279,2.2%,26.42%,$5.26,AW_Oct25,4154,52,5,$98,1.25%,9.62%,$1.89
10/27/2025,FB_Oct25,2468,51,11,$123,2.07%,21.57%,$2.42,AW_Oct25,4176,50,5,$88,1.2%,10.0%,$1.75
10/28/2025,FB_Oct25,2023,34,9,$179,1.68%,26.47%,$5.27,AW_Oct25,4992,61,6,$209,1.22%,9.84%,$3.43
10/29/2025,FB_Oct25,2381,37,8,$163,1.55%,21.62%,$4.39,AW_Oct25,4397,56,4,$96,1.27%,7.14%,$1.72
10/30/2025,FB_Oct25,3080,52,13,$201,1.69%,25.0%,$3.86,AW_Oct25,5760,82,6,$201,1.42%,7.32%,$2.46
10/31/2025,FB_Oct25,3127,51,13,$108,1.63%,25.49%,$2.11,AW_Oct25,3714,31,5,$83,0.83%,16.13%,$2.67
11/1/2025,FB_Nov25,2618,43,10,$158,1.64%,23.26%,$3.66,AW_Nov25,5760,76,6,$196,1.32%,7.89%,$2.58
11/2/2025,FB_Nov25,2570,45,13,$154,1.75%,28.89%,$3.43,AW_Nov25,5760,78,5,$130,1.35%,6.41%,$1.67
11/3/2025,FB_Nov25,2823,59,13,$151,2.09%,22.03%,$2.56,AW_Nov25,3714,31,5,$50,0.83%,16.13%,$1.61
11/4/2025,FB_Nov25,2307,36,8,$155,1.56%,22.22%,$4.3,AW_Nov25,4378,55,7,$94,1.26%,12.73%,$1.71
11/5/2025,FB_Nov25,2911,50,13,$270,1.72%,26.0%,$5.4,AW_Nov25,4687,55,6,$147,1.17%,10.91%,$2.67
11/6/2025,FB_Nov25,2287,41,12,$163,1.79%,29.27%,$3.97,AW_Nov25,3714,40,6,$104,1.08%,15.0%,$2.59
11/7/2025,FB_Nov25,1647,41,13,$185,2.49%,31.71%,$4.5,AW_Nov25,3714,49,4,$96,1.32%,8.16%,$1.97
11/8/2025,FB_Nov25,2991,57,13,$128,1.91%,22.81%,$2.24,AW_Nov25,3802,44,3,$122,1.16%,6.82%,$2.78
11/9/2025,FB_Nov25,2663,53,14,$183,1.99%,26.42%,$3.46,AW_Nov25,5760,85,8,$267,1.48%,9.41%,$3.14
11/10/2025,FB_Nov25,3215,53,13,$128,1.65%,24.53%,$2.41,AW_Nov25,5725,73,6,$116,1.28%,8.22%,$1.58
11/11/2025,FB_Nov25,3064,59,14,$245,1.93%,23.73%,$4.14,AW_Nov25,5760,78,6,$195,1.35%,7.69%,$2.5
11/12/2025,FB_Nov25,2153,44,12,$233,2.04%,27.27%,$5.28,AW_Nov25,5277,70,7,$202,1.33%,10.0%,$2.88
11/13/2025,FB_Nov25,3320,52,14,$224,1.57%,26.92%,$4.32,AW_Nov25,3844,44,5,$88,1.14%,11.36%,$2.0
11/14/2025,FB_Nov25,1856,40,8,$91,2.16%,20.0%,$2.27,AW_Nov25,4028,52,6,$110,1.29%,11.54%,$2.12
11/15/2025,FB_Nov25,2437,47,14,$152,1.93%,29.79%,$3.24,AW_Nov25,5760,67,8,$183,1.16%,11.94%,$2.73
11/16/2025,FB_Nov25,1963,42,12,$165,2.14%,28.57%,$3.93,AW_Nov25,3714,42,4,$138,1.13%,9.52%,$3.3
11/17/2025,FB_Nov25,2628,45,11,$154,1.71%,24.44%,$3.41,AW_Nov25,5598,70,7,$218,1.25%,10.0%,$3.12
11/18/2025,FB_Nov25,3320,51,13,$251,1.54%,25.49%,$4.92,AW_Nov25,4486,56,5,$149,1.25%,8.93%,$2.67
11/19/2025,FB_Nov25,1723,34,10,$165,1.97%,29.41%,$4.85,AW_Nov25,4705,55,6,$163,1.17%,10.91%,$2.96
11/20/2025,FB_Nov25,3320,69,17,$286,2.08%,24.64%,$4.14,AW_Nov25,5578,70,8,$156,1.25%,11.43%,$2.23
11/21/2025,FB_Nov25,1718,31,8,$103,1.8%,25.81%,$3.31,AW_Nov25,4974,66,6,$184,1.33%,9.09%,$2.78
11/22/2025,FB_Nov25,2048,29,7,$84,1.42%,24.14%,$2.89,AW_Nov25,4470,55,6,$134,1.23%,10.91%,$2.43
11/23/2025,FB_Nov25,3265,57,14,$135,1.75%,24.56%,$2.37,AW_Nov25,5760,77,8,$145,1.34%,10.39%,$1.88
11/24/2025,FB_Nov25,3131,53,15,$172,1.69%,28.3%,$3.24,AW_Nov25,3714,44,4,$128,1.18%,9.09%,$2.9
11/25/2025,FB_Nov25,2385,51,13,$176,2.14%,25.49%,$3.45,AW_Nov25,5760,69,5,$180,1.2%,7.25%,$2.61
11/26/2025,FB_Nov25,3303,51,12,$223,1.54%,23.53%,$4.37,AW_Nov25,5115,68,5,$151,1.33%,7.35%,$2.22
11/27/2025,FB_Nov25,2652,43,12,$185,1.62%,27.91%,$4.3,AW_Nov25,4268,55,3,$183,1.29%,5.45%,$3.32
11/28/2025,FB_Nov25,1584,33,5,$74,2.08%,15.15%,$2.25,AW_Nov25,5467,65,8,$100,1.19%,12.31%,$1.54
11/29/2025,FB_Nov25,2844,44,13,$149,1.55%,29.55%,$3.38,AW_Nov25,3875,42,3,$90,1.08%,7.14%,$2.13
11/30/2025,FB_Nov25,1720,35,7,$92,2.03%,20.0%,$2.64,AW_Nov25,5760,73,6,$118,1.27%,8.22%,$1.61
12/1/2025,FB_Dec25,3320,55,13,$140,1.66%,23.64%,$2.55,AW_Dec25,4079,57,5,$173,1.4%,8.77%,$3.03
12/2/2025,FB_Dec25,1959,42,9,$206,2.14%,21.43%,$4.9,AW_Dec25,3714,52,5,$151,1.4%,9.62%,$2.9
12/3/2025,FB_Dec25,1950,34,7,$73,1.74%,20.59%,$2.15,AW_Dec25,5760,75,7,$162,1.3%,9.33%,$2.16
12/4/2025,FB_Dec25,2091,40,12,$139,1.91%,30.0%,$3.47,AW_Dec25,4041,50,6,$143,1.24%,12.0%,$2.85
12/5/2025,FB_Dec25,2038,48,11,$124,2.36%,22.92%,$2.59,AW_Dec25,3714,40,4,$92,1.08%,10.0%,$2.29
12/6/2025,FB_Dec25,1870,37,10,$188,1.98%,27.03%,$5.08,AW_Dec25,3714,37,4,$111,1.0%,10.81%,$3.01
12/7/2025,FB_Dec25,1415,34,9,$134,2.4%,26.47%,$3.95,AW_Dec25,5650,69,6,$166,1.22%,8.7%,$2.41
12/8/2025,FB_Dec25,2357,46,12,$129,1.95%,26.09%,$2.81,AW_Dec25,3714,41,4,$95,1.1%,9.76%,$2.32
12/9/2025,FB_Dec25,2295,46,12,$173,2.0%,26.09%,$3.76,AW_Dec25,5760,85,9,$286,1.48%,10.59%,$3.37
12/10/2025,FB_Dec25,1858,37,8,$169,1.99%,21.62%,$4.56,AW_Dec25,3714,31,5,$62,0.83%,16.13%,$2.0
12/11/2025,FB_Dec25,2023,38,11,$203,1.88%,28.95%,$5.35,AW_Dec25,5760,84,8,$146,1.46%,9.52%,$1.74
12/12/2025,FB_Dec25,2074,46,11,$127,2.22%,23.91%,$2.77,AW_Dec25,4733,63,6,$168,1.33%,9.52%,$2.67
12/13/2025,FB_Dec25,1618,26,5,$133,1.61%,19.23%,$5.1,AW_Dec25,5003,59,7,$203,1.18%,11.86%,$3.44
12/14/2025,FB_Dec25,1307,27,7,$142,2.07%,25.93%,$5.27,AW_Dec25,4484,52,5,$117,1.16%,9.62%,$2.26
12/15/2025,FB_Dec25,2285,35,11,$182,1.53%,31.43%,$5.21,AW_Dec25,5383,66,4,$107,1.23%,6.06%,$1.62
12/16/2025,FB_Dec25,2534,41,12,$173,1.62%,29.27%,$4.22,AW_Dec25,4577,59,6,$129,1.29%,10.17%,$2.18
12/17/2025,FB_Dec25,2909,47,11,$198,1.62%,23.4%,$4.2,AW_Dec25,5519,76,6,$191,1.38%,7.89%,$2.51
12/18/2025,FB_Dec25,3320,61,15,$208,1.84%,24.59%,$3.41,AW_Dec25,5097,62,5,$113,1.22%,8.06%,$1.82
12/19/2025,FB_Dec25,3320,54,13,$250,1.63%,24.07%,$4.63,AW_Dec25,5461,62,6,$175,1.14%,9.68%,$2.82
12/20/2025,FB_Dec25,1963,42,13,$162,2.14%,30.95%,$3.86,AW_Dec25,4977,55,7,$192,1.11%,12.73%,$3.5
12/21/2025,FB_Dec25,1999,43,11,$188,2.15%,25.58%,$4.37,AW_Dec25,4323,59,5,$142,1.36%,8.47%,$2.4
12/22/2025,FB_Dec25,1743,31,9,$108,1.78%,29.03%,$3.5,AW_Dec25,4748,64,6,$141,1.35%,9.38%,$2.21
12/23/2025,FB_Dec25,2579,43,12,$196,1.67%,27.91%,$4.56,AW_Dec25,3714,35,6,$81,0.94%,17.14%,$2.3
12/24/2025,FB_Dec25,1846,40,11,$195,2.17%,27.5%,$4.89,AW_Dec25,3720,40,5,$69,1.08%,12.5%,$1.73
12/25/2025,FB_Dec25,2725,47,12,$118,1.72%,25.53%,$2.51,AW_Dec25,5760,71,9,$232,1.23%,12.68%,$3.27
12/26/2025,FB_Dec25,2162,34,9,$167,1.57%,26.47%,$4.92,AW_Dec25,4500,62,6,$144,1.38%,9.68%,$2.33
12/27/2025,FB_Dec25,2839,50,12,$195,1.76%,24.0%,$3.89,AW_Dec25,4618,57,3,$130,1.23%,5.26%,$2.27
12/28/2025,FB_Dec25,3320,62,15,$307,1.87%,24.19%,$4.96,AW_Dec25,5068,60,6,$169,1.18%,10.0%,$2.82
12/29/2025,FB_Dec25,2032,42,12,$147,2.07%,28.57%,$3.51,AW_Dec25,5456,65,6,$155,1.19%,9.23%,$2.38
12/30/2025,FB_Dec25,2782,48,12,$160,1.73%,25.0%,$3.33,AW_Dec25,4088,52,7,$145,1.27%,13.46%,$2.8
12/31/2025,FB_Dec25,2969,52,14,$271,1.75%,26.92%,$5.2,AW_Dec25,3714,49,6,$80,1.32%,12.24%,$1.62
